{
    "version": "1.4.0",
    "project": {
        "name": "cslib",
        "directory": "/home/bjornr/git/hub/lunduniversity/introprog/workspace/cslib",
        "workspaceDir": "/home/bjornr/git/hub/lunduniversity/introprog/workspace",
        "sources": [
            "/home/bjornr/git/hub/lunduniversity/introprog/workspace/cslib/src/main/scala-2.13",
            "/home/bjornr/git/hub/lunduniversity/introprog/workspace/cslib/src/main/scala",
            "/home/bjornr/git/hub/lunduniversity/introprog/workspace/cslib/src/main/java",
            "/home/bjornr/git/hub/lunduniversity/introprog/workspace/cslib/target/scala-2.13/src_managed/main"
        ],
        "dependencies": [
            
        ],
        "classpath": [
            "/home/bjornr/.cache/coursier/v1/https/repo1.maven.org/maven2/org/scala-lang/scala-library/2.13.3/scala-library-2.13.3.jar"
        ],
        "out": "/home/bjornr/git/hub/lunduniversity/introprog/workspace/.bloop/cslib",
        "classesDir": "/home/bjornr/git/hub/lunduniversity/introprog/workspace/.bloop/cslib/scala-2.13/classes",
        "resources": [
            "/home/bjornr/git/hub/lunduniversity/introprog/workspace/cslib/src/main/resources",
            "/home/bjornr/git/hub/lunduniversity/introprog/workspace/cslib/target/scala-2.13/resource_managed/main"
        ],
        "scala": {
            "organization": "org.scala-lang",
            "name": "scala-compiler",
            "version": "2.13.3",
            "options": [
                
            ],
            "jars": [
                "/home/bjornr/.cache/coursier/v1/https/repo1.maven.org/maven2/org/scala-lang/scala-compiler/2.13.3/scala-compiler-2.13.3.jar",
                "/home/bjornr/.cache/coursier/v1/https/repo1.maven.org/maven2/org/scala-lang/scala-library/2.13.3/scala-library-2.13.3.jar",
                "/home/bjornr/.cache/coursier/v1/https/repo1.maven.org/maven2/org/scala-lang/scala-reflect/2.13.3/scala-reflect-2.13.3.jar",
                "/home/bjornr/.cache/coursier/v1/https/repo1.maven.org/maven2/org/jline/jline/3.15.0/jline-3.15.0.jar",
                "/home/bjornr/.cache/coursier/v1/https/repo1.maven.org/maven2/net/java/dev/jna/jna/5.3.1/jna-5.3.1.jar"
            ],
            "analysis": "/home/bjornr/git/hub/lunduniversity/introprog/workspace/cslib/target/streams/compile/bloopAnalysisOut/_global/streams/inc_compile_2.13.zip",
            "setup": {
                "order": "mixed",
                "addLibraryToBootClasspath": true,
                "addCompilerToClasspath": false,
                "addExtraJarsToClasspath": false,
                "manageBootClasspath": true,
                "filterLibraryFromClasspath": true
            }
        },
        "java": {
            "options": [
                
            ]
        },
        "test": {
            "frameworks": [
                {
                    "names": [
                        "org.scalacheck.ScalaCheckFramework"
                    ]
                },
                {
                    "names": [
                        "org.specs2.runner.Specs2Framework",
                        "org.specs2.runner.SpecsFramework"
                    ]
                },
                {
                    "names": [
                        "org.specs.runner.SpecsFramework"
                    ]
                },
                {
                    "names": [
                        "org.scalatest.tools.Framework",
                        "org.scalatest.tools.ScalaTestFramework"
                    ]
                },
                {
                    "names": [
                        "com.novocode.junit.JUnitFramework"
                    ]
                }
            ],
            "options": {
                "excludes": [
                    
                ],
                "arguments": [
                    
                ]
            }
        },
        "platform": {
            "name": "jvm",
            "config": {
                "home": "/usr/lib/jvm/java-11-openjdk-amd64",
                "options": [
                    "-Duser.dir=/home/bjornr/git/hub/lunduniversity/introprog/workspace"
                ]
            },
            "mainClass": [
                
            ]
        },
        "resolution": {
            "modules": [
                {
                    "organization": "org.scala-lang",
                    "name": "scala-library",
                    "version": "2.13.3",
                    "configurations": "default",
                    "artifacts": [
                        {
                            "name": "scala-library",
                            "path": "/home/bjornr/.cache/coursier/v1/https/repo1.maven.org/maven2/org/scala-lang/scala-library/2.13.3/scala-library-2.13.3.jar"
                        },
                        {
                            "name": "scala-library",
                            "classifier": "sources",
                            "path": "/home/bjornr/.cache/coursier/v1/https/repo1.maven.org/maven2/org/scala-lang/scala-library/2.13.3/scala-library-2.13.3-sources.jar"
                        }
                    ]
                },
                {
                    "organization": "org.scala-lang",
                    "name": "scala-library",
                    "version": "2.13.3",
                    "configurations": "optional",
                    "artifacts": [
                        {
                            "name": "scala-library",
                            "path": "/home/bjornr/.cache/coursier/v1/https/repo1.maven.org/maven2/org/scala-lang/scala-library/2.13.3/scala-library-2.13.3.jar"
                        },
                        {
                            "name": "scala-library",
                            "classifier": "sources",
                            "path": "/home/bjornr/.cache/coursier/v1/https/repo1.maven.org/maven2/org/scala-lang/scala-library/2.13.3/scala-library-2.13.3-sources.jar"
                        }
                    ]
                }
            ]
        },
        "tags": [
            "library"
        ]
    }
}