{
    "version": "1.4.0",
    "project": {
        "name": "w03_irritext",
        "directory": "/home/bjornr/git/hub/lunduniversity/introprog/workspace/w03_irritext",
        "workspaceDir": "/home/bjornr/git/hub/lunduniversity/introprog/workspace/w03_irritext",
        "sources": [
            "/home/bjornr/git/hub/lunduniversity/introprog/workspace/w03_irritext/src/main/scala",
            "/home/bjornr/git/hub/lunduniversity/introprog/workspace/w03_irritext/src/main/scala-3.0.0-RC3",
            "/home/bjornr/git/hub/lunduniversity/introprog/workspace/w03_irritext/src/main/scala-3",
            "/home/bjornr/git/hub/lunduniversity/introprog/workspace/w03_irritext/src/main/java",
            "/home/bjornr/git/hub/lunduniversity/introprog/workspace/w03_irritext/target/scala-3.0.0-RC3/src_managed/main",
            "/home/bjornr/git/hub/lunduniversity/introprog/workspace/w03_irritext/irritext.scala"
        ],
        "dependencies": [
            
        ],
        "classpath": [
            "/home/bjornr/.cache/coursier/v1/https/repo1.maven.org/maven2/org/scala-lang/scala3-library_3.0.0-RC3/3.0.0-RC3/scala3-library_3.0.0-RC3-3.0.0-RC3.jar",
            "/home/bjornr/.cache/coursier/v1/https/repo1.maven.org/maven2/org/scala-lang/scala-library/2.13.5/scala-library-2.13.5.jar"
        ],
        "out": "/home/bjornr/git/hub/lunduniversity/introprog/workspace/w03_irritext/.bloop/w03_irritext",
        "classesDir": "/home/bjornr/git/hub/lunduniversity/introprog/workspace/w03_irritext/.bloop/w03_irritext/scala-3.0.0-RC3/classes",
        "resources": [
            "/home/bjornr/git/hub/lunduniversity/introprog/workspace/w03_irritext/src/main/resources",
            "/home/bjornr/git/hub/lunduniversity/introprog/workspace/w03_irritext/target/scala-3.0.0-RC3/resource_managed/main"
        ],
        "scala": {
            "organization": "org.scala-lang",
            "name": "scala-compiler",
            "version": "3.0.0-RC3",
            "options": [
                
            ],
            "jars": [
                "/home/bjornr/.cache/coursier/v1/https/repo1.maven.org/maven2/org/scala-lang/scala3-library_3.0.0-RC3/3.0.0-RC3/scala3-library_3.0.0-RC3-3.0.0-RC3.jar",
                "/home/bjornr/.cache/coursier/v1/https/repo1.maven.org/maven2/org/scala-lang/scala-library/2.13.5/scala-library-2.13.5.jar",
                "/home/bjornr/.cache/coursier/v1/https/repo1.maven.org/maven2/org/scala-lang/scala3-compiler_3.0.0-RC3/3.0.0-RC3/scala3-compiler_3.0.0-RC3-3.0.0-RC3.jar",
                "/home/bjornr/.cache/coursier/v1/https/repo1.maven.org/maven2/org/scala-lang/scala3-interfaces/3.0.0-RC3/scala3-interfaces-3.0.0-RC3.jar",
                "/home/bjornr/.cache/coursier/v1/https/repo1.maven.org/maven2/org/scala-lang/tasty-core_3.0.0-RC3/3.0.0-RC3/tasty-core_3.0.0-RC3-3.0.0-RC3.jar",
                "/home/bjornr/.cache/coursier/v1/https/repo1.maven.org/maven2/org/scala-lang/modules/scala-asm/9.1.0-scala-1/scala-asm-9.1.0-scala-1.jar",
                "/home/bjornr/.cache/coursier/v1/https/repo1.maven.org/maven2/org/scala-sbt/compiler-interface/1.3.5/compiler-interface-1.3.5.jar",
                "/home/bjornr/.cache/coursier/v1/https/repo1.maven.org/maven2/org/jline/jline-reader/3.19.0/jline-reader-3.19.0.jar",
                "/home/bjornr/.cache/coursier/v1/https/repo1.maven.org/maven2/org/jline/jline-terminal/3.19.0/jline-terminal-3.19.0.jar",
                "/home/bjornr/.cache/coursier/v1/https/repo1.maven.org/maven2/org/jline/jline-terminal-jna/3.19.0/jline-terminal-jna-3.19.0.jar",
                "/home/bjornr/.cache/coursier/v1/https/repo1.maven.org/maven2/com/google/protobuf/protobuf-java/3.7.0/protobuf-java-3.7.0.jar",
                "/home/bjornr/.cache/coursier/v1/https/repo1.maven.org/maven2/org/scala-sbt/util-interface/1.3.0/util-interface-1.3.0.jar",
                "/home/bjornr/.cache/coursier/v1/https/repo1.maven.org/maven2/net/java/dev/jna/jna/5.3.1/jna-5.3.1.jar",
                "/home/bjornr/.cache/coursier/v1/https/repo1.maven.org/maven2/org/scala-lang/scaladoc_3.0.0-RC3/3.0.0-RC3/scaladoc_3.0.0-RC3-3.0.0-RC3.jar",
                "/home/bjornr/.cache/coursier/v1/https/repo1.maven.org/maven2/org/scala-lang/scala3-tasty-inspector_3.0.0-RC3/3.0.0-RC3/scala3-tasty-inspector_3.0.0-RC3-3.0.0-RC3.jar",
                "/home/bjornr/.cache/coursier/v1/https/repo1.maven.org/maven2/com/vladsch/flexmark/flexmark/0.42.12/flexmark-0.42.12.jar",
                "/home/bjornr/.cache/coursier/v1/https/repo1.maven.org/maven2/com/vladsch/flexmark/flexmark-html-parser/0.42.12/flexmark-html-parser-0.42.12.jar",
                "/home/bjornr/.cache/coursier/v1/https/repo1.maven.org/maven2/com/vladsch/flexmark/flexmark-ext-anchorlink/0.42.12/flexmark-ext-anchorlink-0.42.12.jar",
                "/home/bjornr/.cache/coursier/v1/https/repo1.maven.org/maven2/com/vladsch/flexmark/flexmark-ext-autolink/0.42.12/flexmark-ext-autolink-0.42.12.jar",
                "/home/bjornr/.cache/coursier/v1/https/repo1.maven.org/maven2/com/vladsch/flexmark/flexmark-ext-emoji/0.42.12/flexmark-ext-emoji-0.42.12.jar",
                "/home/bjornr/.cache/coursier/v1/https/repo1.maven.org/maven2/com/vladsch/flexmark/flexmark-ext-gfm-strikethrough/0.42.12/flexmark-ext-gfm-strikethrough-0.42.12.jar",
                "/home/bjornr/.cache/coursier/v1/https/repo1.maven.org/maven2/com/vladsch/flexmark/flexmark-ext-gfm-tables/0.42.12/flexmark-ext-gfm-tables-0.42.12.jar",
                "/home/bjornr/.cache/coursier/v1/https/repo1.maven.org/maven2/com/vladsch/flexmark/flexmark-ext-gfm-tasklist/0.42.12/flexmark-ext-gfm-tasklist-0.42.12.jar",
                "/home/bjornr/.cache/coursier/v1/https/repo1.maven.org/maven2/com/vladsch/flexmark/flexmark-ext-wikilink/0.42.12/flexmark-ext-wikilink-0.42.12.jar",
                "/home/bjornr/.cache/coursier/v1/https/repo1.maven.org/maven2/com/vladsch/flexmark/flexmark-ext-yaml-front-matter/0.42.12/flexmark-ext-yaml-front-matter-0.42.12.jar",
                "/home/bjornr/.cache/coursier/v1/https/repo1.maven.org/maven2/nl/big-o/liqp/0.6.7/liqp-0.6.7.jar",
                "/home/bjornr/.cache/coursier/v1/https/repo1.maven.org/maven2/org/jsoup/jsoup/1.13.1/jsoup-1.13.1.jar",
                "/home/bjornr/.cache/coursier/v1/https/repo1.maven.org/maven2/com/fasterxml/jackson/dataformat/jackson-dataformat-yaml/2.9.8/jackson-dataformat-yaml-2.9.8.jar",
                "/home/bjornr/.cache/coursier/v1/https/repo1.maven.org/maven2/com/vladsch/flexmark/flexmark-util/0.42.12/flexmark-util-0.42.12.jar",
                "/home/bjornr/.cache/coursier/v1/https/repo1.maven.org/maven2/com/vladsch/flexmark/flexmark-formatter/0.42.12/flexmark-formatter-0.42.12.jar",
                "/home/bjornr/.cache/coursier/v1/https/repo1.maven.org/maven2/org/nibor/autolink/autolink/0.6.0/autolink-0.6.0.jar",
                "/home/bjornr/.cache/coursier/v1/https/repo1.maven.org/maven2/com/vladsch/flexmark/flexmark-jira-converter/0.42.12/flexmark-jira-converter-0.42.12.jar",
                "/home/bjornr/.cache/coursier/v1/https/repo1.maven.org/maven2/org/antlr/antlr/3.5.1/antlr-3.5.1.jar",
                "/home/bjornr/.cache/coursier/v1/https/repo1.maven.org/maven2/com/fasterxml/jackson/core/jackson-annotations/2.2.3/jackson-annotations-2.2.3.jar",
                "/home/bjornr/.cache/coursier/v1/https/repo1.maven.org/maven2/com/fasterxml/jackson/core/jackson-core/2.9.8/jackson-core-2.9.8.jar",
                "/home/bjornr/.cache/coursier/v1/https/repo1.maven.org/maven2/com/fasterxml/jackson/core/jackson-databind/2.2.3/jackson-databind-2.2.3.jar",
                "/home/bjornr/.cache/coursier/v1/https/repo1.maven.org/maven2/org/yaml/snakeyaml/1.23/snakeyaml-1.23.jar",
                "/home/bjornr/.cache/coursier/v1/https/repo1.maven.org/maven2/com/vladsch/flexmark/flexmark-ext-tables/0.42.12/flexmark-ext-tables-0.42.12.jar",
                "/home/bjornr/.cache/coursier/v1/https/repo1.maven.org/maven2/com/vladsch/flexmark/flexmark-ext-ins/0.42.12/flexmark-ext-ins-0.42.12.jar",
                "/home/bjornr/.cache/coursier/v1/https/repo1.maven.org/maven2/com/vladsch/flexmark/flexmark-ext-superscript/0.42.12/flexmark-ext-superscript-0.42.12.jar",
                "/home/bjornr/.cache/coursier/v1/https/repo1.maven.org/maven2/org/antlr/antlr-runtime/3.5.1/antlr-runtime-3.5.1.jar",
                "/home/bjornr/.cache/coursier/v1/https/repo1.maven.org/maven2/org/antlr/ST4/4.0.7/ST4-4.0.7.jar"
            ],
            "analysis": "/home/bjornr/git/hub/lunduniversity/introprog/workspace/w03_irritext/target/streams/compile/bloopAnalysisOut/_global/streams/inc_compile_3.0.0-RC3.zip",
            "setup": {
                "order": "mixed",
                "addLibraryToBootClasspath": true,
                "addCompilerToClasspath": false,
                "addExtraJarsToClasspath": false,
                "manageBootClasspath": true,
                "filterLibraryFromClasspath": true
            }
        },
        "java": {
            "options": [
                
            ]
        },
        "test": {
            "frameworks": [
                {
                    "names": [
                        "org.scalacheck.ScalaCheckFramework"
                    ]
                },
                {
                    "names": [
                        "org.specs2.runner.Specs2Framework",
                        "org.specs2.runner.SpecsFramework"
                    ]
                },
                {
                    "names": [
                        "org.specs.runner.SpecsFramework"
                    ]
                },
                {
                    "names": [
                        "org.scalatest.tools.Framework",
                        "org.scalatest.tools.ScalaTestFramework"
                    ]
                },
                {
                    "names": [
                        "com.novocode.junit.JUnitFramework"
                    ]
                },
                {
                    "names": [
                        "munit.Framework"
                    ]
                }
            ],
            "options": {
                "excludes": [
                    
                ],
                "arguments": [
                    
                ]
            }
        },
        "platform": {
            "name": "jvm",
            "config": {
                "home": "/usr/lib/jvm/java-11-openjdk-amd64",
                "options": [
                    "-Duser.dir=/home/bjornr/git/hub/lunduniversity/introprog/workspace/w03_irritext"
                ]
            },
            "mainClass": [
                
            ]
        },
        "resolution": {
            "modules": [
                {
                    "organization": "org.scala-lang",
                    "name": "scala3-library_3.0.0-RC3",
                    "version": "3.0.0-RC3",
                    "configurations": "default",
                    "artifacts": [
                        {
                            "name": "scala3-library_3.0.0-RC3",
                            "path": "/home/bjornr/.cache/coursier/v1/https/repo1.maven.org/maven2/org/scala-lang/scala3-library_3.0.0-RC3/3.0.0-RC3/scala3-library_3.0.0-RC3-3.0.0-RC3.jar"
                        },
                        {
                            "name": "scala3-library_3.0.0-RC3",
                            "classifier": "sources",
                            "path": "/home/bjornr/.cache/coursier/v1/https/repo1.maven.org/maven2/org/scala-lang/scala3-library_3.0.0-RC3/3.0.0-RC3/scala3-library_3.0.0-RC3-3.0.0-RC3-sources.jar"
                        }
                    ]
                },
                {
                    "organization": "org.scala-lang",
                    "name": "scala-library",
                    "version": "2.13.5",
                    "configurations": "default",
                    "artifacts": [
                        {
                            "name": "scala-library",
                            "path": "/home/bjornr/.cache/coursier/v1/https/repo1.maven.org/maven2/org/scala-lang/scala-library/2.13.5/scala-library-2.13.5.jar"
                        },
                        {
                            "name": "scala-library",
                            "classifier": "sources",
                            "path": "/home/bjornr/.cache/coursier/v1/https/repo1.maven.org/maven2/org/scala-lang/scala-library/2.13.5/scala-library-2.13.5-sources.jar"
                        }
                    ]
                }
            ]
        },
        "tags": [
            "library"
        ]
    }
}